 csv,38.9126498699,128,2569.85839654,60.4852134738,1000,30126.5911579Done adding Tuples
 csv,60.0005581379,16,46.3662353541,100.497776607,1000,61996.6683612,1002,61996.6683612, ru-exi, 16, 100000, 0 
 csv,39.6428620815,128,2522.52220827,61.605991607,1000,31260.644207Done adding Tuples
 csv,60.0046219826,16,48.0796296132,100.666269819,1000,57256.8564608,1002,57256.8564608, ru, 16, 100000, 0 
 csv,39.5606908798,128,2527.76171942,62.0804631276,1000,31436.1089468Done adding Tuples
 csv,60.0005600452,16,43.9162567485,100.722110361,1000,56709.2524482,1002,56709.2524482, rc, 16, 100000, 0 
 csv,39.6429531574,128,2522.51641302,61.9261735829,1000,31423.1859016Done adding Tuples
 csv,60.0037992001,16,47.3303363764,100.981379123,1000,58546.0120161,1002,58546.0120161, rr, 16, 100000, 0 
 csv,39.370059967,128,2540.00121117,63.0957229957,1000,31796.2546945Done adding Tuples
 csv,60.0081119537,16,14.4980398762,100.732630533,1000,1149359.3308,1002,1149359.3308, s, 16, 100000, 0 
 csv,39.4869229794,128,2532.48398343,60.3706716635,1000,30513.306396Done adding Tuples
 csv,60.0051379204,16,39.3299654295,101.685517637,1000,56509.8324423,1002,56509.8324423, ru-exi, 16, 100000, 1 
 csv,39.7397859097,128,2516.36987243,61.3339275107,1000,31198.6834979Done adding Tuples
 csv,60.0007250309,16,38.9661958051,100.931941781,1000,54622.1867684,1002,54622.1867684, ru, 16, 100000, 1 
 csv,39.4823689461,128,2532.77608891,62.4001885057,1000,31535.4529905Done adding Tuples
 csv,60.0099949837,16,37.5104180664,100.695787817,1000,51915.6457398,1002,51915.6457398, rc, 16, 100000, 1 
 csv,39.1643590927,128,2553.34192405,61.718154505,1000,30939.5451593Done adding Tuples
 csv,60.0049250126,16,40.9133083574,101.002483012,1000,55770.6308596,1002,55770.6308596, rr, 16, 100000, 1 
 csv,39.1571390629,128,2553.81272466,62.10292018,1000,31126.6903257Done adding Tuples
 csv,60.0099709034,16,13.1478150734,100.817984928,1000,1260371.97463,1002,1260371.97463, s, 16, 100000, 1 
 csv,40.0008311272,128,2499.94805563,60.857766549,1000,31159.823904Done adding Tuples
 csv,60.008923769,16,29.7122475794,101.004617579,1000,58809.6849905,1002,58809.6849905, ru-exi, 16, 100000, 2 
 csv,39.4118690491,128,2537.30671528,61.6939534517,1000,31122.8673863Done adding Tuples
 csv,60.008908987,16,31.37867413,100.507945471,1000,55920.6529532,1002,55920.6529532, ru, 16, 100000, 2 
 csv,39.3700568676,128,2540.00141113,62.0001458542,1000,31244.1506314Done adding Tuples
 csv,60.0010609627,16,29.6328093449,100.769672716,1000,58191.42179,1002,58191.42179, rc, 16, 100000, 2 
 csv,39.6327960491,128,2523.1628845,60.6599328387,1000,30772.7711558Done adding Tuples
 csv,60.0060389042,16,33.046673905,101.273519021,1000,60013.7631271,1002,60013.7631271, rr, 16, 100000, 2 
 csv,40.0205099583,128,2498.71878455,61.9761040398,1000,31748.0356979Done adding Tuples
 csv,60.0099318027,16,13.2644709982,101.169448457,1000,1264474.24955,1002,1264474.24955, s, 16, 100000, 2 
 csv,39.159952879,128,2553.6292219,62.6515190164,1000,31403.9108157Done adding Tuples
 csv,60.0032958984,16,23.1820599047,100.454035147,1000,56374.7130706,1002,56374.7130706, ru-exi, 16, 100000, 4 
 csv,39.5731108189,128,2526.96838663,61.2964743287,1000,31048.8597941Done adding Tuples
 csv,60.005259037,16,24.0645573934,100.933250594,1000,55552.1263601,1002,55552.1263601, ru, 16, 100000, 4 
 csv,39.1736111641,128,2552.73887263,61.3182262651,1000,30746.3213181Done adding Tuples
 csv,60.006321907,16,23.4808592698,100.360804803,1000,53992.8680388,1002,53992.8680388, rc, 16, 100000, 4 
 csv,39.1459209919,128,2554.54457236,62.7309639967,1000,31432.4654126Done adding Tuples
 csv,60.0071980953,16,26.396833218,101.160311402,1000,54640.4851876,1002,54640.4851876, rr, 16, 100000, 4 
 csv,38.7818160057,128,2578.52803967,64.2486990228,1000,31893.5196686Done adding Tuples
 csv,60.0087749958,16,12.0315737165,100.961304358,1000,1373834.16728,1002,1373834.16728, s, 16, 100000, 4 
 csv,39.2227320671,128,2549.54192964,62.6148837304,1000,31435.863142Done adding Tuples
 csv,60.0018088818,16,18.7827670699,100.887447613,1000,56693.9780631,1002,56693.9780631, ru-exi, 16, 100000, 6 
 csv,40.0929300785,128,2494.20533257,60.4761209373,1000,31035.7105684Done adding Tuples
 csv,60.0058658123,16,18.5481866636,101.184128193,1000,48752.6474447,1002,48752.6474447, ru, 16, 100000, 6 
 csv,39.7950320244,128,2512.87648013,59.1255067675,1000,30117.1383715Done adding Tuples
 csv,60.0082600117,16,20.1138976495,100.855380854,1000,52006.8497063,1002,52006.8497063, rc, 16, 100000, 6 
 csv,39.6649107933,128,2521.12000254,62.5128719236,1000,31738.46385Done adding Tuples
 csv,60.0034868717,16,21.0487767603,101.25702539,1000,54048.1965373,1002,54048.1965373, rr, 16, 100000, 6 
 csv,38.8969459534,128,2570.89592895,62.6834617324,1000,31208.8988566Done adding Tuples
 csv,60.0000209808,16,11.8999958388,101.317062066,1000,1381701.57212,1002,1381701.57212, s, 16, 100000, 6 
 csv,39.6775209904,128,2520.31874734,61.1898236485,1000,31076.6145563Done adding Tuples
 csv,60.0072479248,16,14.8315417017,100.953987757,1000,52910.2870198,1002,52910.2870198, ru-exi, 16, 100000, 8 
 csv,39.312707901,128,2543.70673859,60.7697355645,1000,30579.4926524Done adding Tuples
 csv,60.0044999123,16,15.9154730295,100.567177664,1000,50699.417184,1002,50699.417184, ru, 16, 100000, 8 
 csv,39.6056480408,128,2524.89240669,62.8151082098,1000,31844.2632627Done adding Tuples
 csv,60.0062038898,16,15.5317273812,100.543042201,1000,51332.5803494,1002,51332.5803494, rc, 16, 100000, 8 
 csv,39.7649888992,128,2514.77500103,61.8818532835,1000,31497.3594737Done adding Tuples
 csv,60.0014379025,16,17.766240898,101.28261495,1000,56204.1237343,1002,56204.1237343, rr, 16, 100000, 8 
 csv,39.4836120605,128,2532.69634619,62.0401202068,1000,31354.470892Done adding Tuples
 csv,60.0080780983,16,11.115170176,101.168335361,1000,1463460.73186,1002,1463460.73186, s, 16, 100000, 8 
 csv,39.864331007,128,2508.50816943,60.5199840479,1000,30881.1350608Done adding Tuples
 csv,60.0559148788,16,12.5383153603,101.090905146,1000,52313.3680701,1002,52313.3680701, ru-exi, 16, 100000, 10 
 csv,39.6084067822,128,2524.71654692,62.4017295338,1000,31636.9035172Done adding Tuples
 csv,60.0013108253,16,13.4997050707,101.205715521,1000,49778.9230955,1002,49778.9230955, ru, 16, 100000, 10 
 csv,39.6704931259,128,2520.76523684,61.2315048012,1000,31092.2750759Done adding Tuples
 csv,60.0003190041,16,13.7332603172,100.763199469,1000,51432.8839287,1002,51432.8839287, rc, 16, 100000, 10 
 csv,39.421227932,128,2536.70434043,61.6895226059,1000,31128.0221653Done adding Tuples
 csv,60.0089449883,16,15.0644208155,101.218758298,1000,59657.1211381,1002,59657.1211381, rr, 16, 100000, 10 
 csv,39.8707640171,128,2508.1034303,62.0742596332,1000,31679.3364143Done adding Tuples
 csv,60.008731842,16,11.2483630178,101.394851962,1000,1440399.48222,1002,1440399.48222, s, 16, 100000, 10 
 csv,39.3371031284,128,2542.12923797,61.1325938894,1000,30781.1731243Done adding Tuples
 csv,60.0101869106,16,10.748175155,100.87479424,1000,53845.3693901,1002,53845.3693901, ru-exi, 16, 100000, 12 
 csv,39.4647259712,128,2533.90838373,62.0225154518,1000,31330.5801773Done adding Tuples
 csv,60.0046379566,16,11.4657803701,100.890679205,1000,51724.2217886,1002,51724.2217886, ru, 16, 100000, 12 
 csv,39.3677890301,128,2540.14773153,62.3594248996,1000,31423.3943486Done adding Tuples
 csv,60.0035009384,16,11.432666249,100.93106964,1000,51720.3110915,1002,51720.3110915, rc, 16, 100000, 12 
 csv,39.6171729565,128,2524.15789763,62.7330565081,1000,31811.921277Done adding Tuples
 csv,60.0040290356,16,13.0657892912,101.303418571,1000,61276.6295671,1002,61276.6295671, rr, 16, 100000, 12 
 csv,39.5264189243,128,2529.95345193,59.8479321082,1000,30279.3527842Done adding Tuples
 csv,60.0006871223,16,11.2665376418,101.343921778,1000,1428485.29781,1002,1428485.29781, s, 16, 100000, 12 
 csv,39.4689011574,128,2533.64033626,62.6687574276,1000,31660.3775048Done adding Tuples
 csv,60.005797863,16,10.1990144585,100.52896318,1000,50293.428856,1002,50293.428856, ru-exi, 16, 100000, 14 
 csv,39.3954069614,128,2538.36697506,63.4689429995,1000,32004.9259377Done adding Tuples
 csv,60.0063560009,16,9.94894607483,101.298880023,1000,48497.1115666,1002,48497.1115666, ru, 16, 100000, 14 
 csv,40.0594389439,128,2496.29057811,60.739919399,1000,31145.0507855Done adding Tuples
 csv,60.0033519268,16,10.1327672618,100.846845658,1000,45376.6748823,1002,45376.6748823, rc, 16, 100000, 14 
 csv,39.2623519897,128,2546.96916848,61.9371917464,1000,31127.0377421Done adding Tuples
 csv,60.0085909367,16,11.8816320942,101.316379401,1000,60397.0505975,1002,60397.0505975, rr, 16, 100000, 14 
 csv,39.4095630646,128,2537.45518153,62.1919240189,1000,31372.2438622Done adding Tuples
 csv,60.0066919327,16,10.7154715464,101.313164724,1000,1516244.70172,1002,1516244.70172, s, 16, 100000, 14 
 csv,3.22398805618,128,3101.74846362,75.9508485133,1000,31342.6724434Done adding Tuples
 csv,60.4919128418,16,352.476868367,99.0134196003,1000,10244.1757441,1002,10244.1757441, ru-exi, 16, 10000, 0 
 csv,3.19178295135,128,3133.04512005,77.1270919558,1000,31510.1359606Done adding Tuples
 csv,60.0004808903,16,386.230237761,100.020410801,1000,6179.80990486,1002,6179.80990486, ru, 16, 10000, 0 
 csv,3.53410100937,128,2829.57390677,70.4594575005,1000,31873.3875036Done adding Tuples
 csv,60.0004210472,16,369.280741923,100.029341224,1000,6298.15637791,1002,6298.15637791, rc, 16, 10000, 0 
 csv,3.21032881737,128,3114.94571706,77.2510445062,1000,31744.1605568Done adding Tuples
 csv,60.0011560917,16,350.793240847,100.063786668,1000,9064.24375968,1002,9064.24375968, rr, 16, 10000, 0 
 csv,3.35095191002,128,2984.22665216,75.1847726593,1000,32248.391366Done adding Tuples
 csv,60.0075399876,16,102.320475082,100.085735425,1000,161943.014127,1002,161943.014127, s, 16, 10000, 0 
 csv,19.5863530636,128,2552.79785051,62.6548637704,1000,31415.8152437Done adding Tuples
 csv,60.0053110123,16,78.8430210625,100.196338897,1000,36496.9583055,1002,36496.9583055, ru-exi, 16, 50000, 0 
 csv,19.504349947,128,2563.53070653,61.1938784103,1000,30554.7985697Done adding Tuples
 csv,60.0084691048,16,88.470845519,100.289745088,1000,27818.0607283,1002,27818.0607283, ru, 16, 50000, 0 
 csv,19.2769069672,128,2593.77710777,62.8026634314,1000,30992.4121666Done adding Tuples
 csv,60.0088329315,16,82.5045207203,100.415970342,1000,27837.306846,1002,27837.306846, rc, 16, 50000, 0 
 csv,19.1838378906,128,2606.36063988,64.0555742881,1000,31458.0928802Done adding Tuples
 csv,60.0049390793,16,87.8261036652,100.615031209,1000,31108.824163,1002,31108.824163, rr, 16, 50000, 0 
 csv,19.4548921585,128,2570.04765653,62.1553038235,1000,30956.1531639Done adding Tuples
 csv,60.0038948059,16,27.9648513722,100.55108124,1000,591913.260318,1002,591913.260318, s, 16, 50000, 0 
 csv,39.4733510017,128,2533.35471811,62.0471917017,1000,31349.8953819Done adding Tuples
 csv,60.0029079914,16,46.3477536855,100.835555032,1000,73313.1588403,1002,73313.1588403, ru-exi, 16, 100000, 0 
 csv,39.4927620888,128,2532.10954897,61.9169421843,1000,31299.4696569Done adding Tuples
 csv,60.0035448074,16,44.3640456334,100.793507778,1000,64007.7179645,1002,64007.7179645, ru, 16, 100000, 0 
 csv,38.8165719509,128,2576.21925312,62.134031505,1000,30871.4253378Done adding Tuples
 csv,60.0052380562,16,44.5627762946,100.951727119,1000,64556.5062402,1002,64556.5062402, rc, 16, 100000, 0 
 csv,39.5892829895,128,2525.93612333,62.2967389519,1000,31568.4253144Done adding Tuples
 csv,60.0088219643,16,51.7423921744,101.119252236,1000,59331.0574177,1002,59331.0574177, rr, 16, 100000, 0 
 csv,39.5771830082,128,2526.70838092,62.6515522779,1000,31738.5209632Done adding Tuples
 csv,60.005079031,16,14.8320777903,100.825606012,1000,1127848.75184,1002,1127848.75184, s, 16, 100000, 0 
 csv,81.4036061764,128,2456.8936119,60.1992841802,1000,31362.8084576Done adding Tuples
 csv,60.0110800266,16,24.0288959865,100.779160867,1000,111270.680278,1002,111270.680278, ru-exi, 16, 200000, 0 
 csv,79.735902071,128,2508.28039572,62.0094431439,1000,31644.0248704Done adding Tuples
 csv,60.0057370663,16,21.4479491949,102.995163088,1000,120598.27398,1002,120598.27398, ru, 16, 200000, 0 
 csv,79.1119458675,128,2528.06321228,61.8742086032,1000,31327.9298663Done adding Tuples
 csv,60.0001759529,16,23.9832630013,103.307753961,1000,124011.478589,1002,124011.478589, rc, 16, 200000, 0 
 csv,81.0321340561,128,2468.15664341,60.5835034705,1000,31418.9476788Done adding Tuples
 csv,60.0059111118,16,27.2639806594,101.525765818,1000,116748.73873,1002,116748.73873, rr, 16, 200000, 0 
 csv,79.0257811546,128,2530.8196525,61.9642868093,1000,31339.3674803Done adding Tuples
 csv,60.0078659058,16,8.18226065181,101.796923417,1000,2073605.4055,1002,2073605.4055, s, 16, 200000, 0 
 csv,119.972912073,128,2500.56445923,61.0895028592,1000,31270.7650352Done adding Tuples
 csv,60.0007789135,16,15.7331290876,102.228629292,1000,172763.174606,1002,172763.174606, ru-exi, 16, 300000, 0 
 csv,120.62942791,128,2486.95534082,61.6550318792,1000,31732.954553Done adding Tuples
 csv,60.003442049,16,17.5489932584,101.834930814,1000,168060.580935,1002,168060.580935, ru, 16, 300000, 0 
 csv,121.090984106,128,2477.47594269,61.9043627604,1000,31983.190217Done adding Tuples
 csv,60.0094599724,16,16.0807979349,102.822356803,1000,188861.768375,1002,188861.768375, rc, 16, 300000, 0 
 csv,121.302912951,128,2473.14753375,60.7702934482,1000,31452.2180955Done adding Tuples
 csv,60.0035390854,16,21.1820839133,102.590677913,1000,155140.344573,1002,155140.344573, rr, 16, 300000, 0 
 csv,121.894514084,128,2461.14439403,61.4592199979,1000,31963.9114992Done adding Tuples
 csv,60.000677824,16,5.06660942884,101.58072248,1000,3327761.93058,1002,3327761.93058, s, 16, 300000, 0 
 csv,161.800028086,128,2472.18745715,61.2334684539,1000,31704.24613Done adding Tuples
 csv,60.0027148724,16,12.7994208534,105.641079431,1000,207163.183907,1002,207163.183907, ru-exi, 16, 400000, 0 
 csv,161.580472946,128,2475.54665924,60.2445481628,1000,31149.8962706Done adding Tuples
 csv,60.0040938854,16,13.3490891726,103.003005948,1000,197167.67526,1002,197167.67526, ru, 16, 400000, 0 
 csv,161.480601788,128,2477.07771443,61.4343964088,1000,31745.4825681Done adding Tuples
 csv,60.0020298958,16,13.2828839522,102.448121485,1000,223404.193772,1002,223404.193772, rc, 16, 400000, 0 
 csv,161.866798878,128,2471.16766856,61.3808176693,1000,31793.6526996Done adding Tuples
 csv,60.0019669533,16,15.9661432557,102.690327733,1000,210807.226715,1002,210807.226715, rr, 16, 400000, 0 
 csv,160.858190775,128,2486.66230842,61.8781997889,1000,31851.5688527Done adding Tuples
 csv,60.0064649582,16,4.13288801753,102.598720995,1000,4168784.52972,1002,4168784.52972, s, 16, 400000, 0 
 csv,244.128097057,128,2457.72611687,60.3135731219,1000,31411.707377Done adding Tuples
 csv,60.0023658276,16,10.3162598918,103.896980356,1000,352339.986704,1002,352339.986704, ru-exi, 16, 600000, 0 
 csv,244.079896212,128,2458.2114681,61.0535702141,1000,31790.8247066Done adding Tuples
 csv,60.0100259781,16,7.93200789771,106.826113033,1000,362801.351113,1002,362801.351113, ru, 16, 600000, 0 
 csv,241.064880133,128,2488.95649864,62.1575538121,1000,31965.8736193Done adding Tuples
 csv,60.0016078949,16,7.96645317968,102.990061283,1000,505123.719691,1002,505123.719691, rc, 16, 600000, 0 
 csv,246.869045973,128,2430.43836312,60.7978464877,1000,32019.4269005Done adding Tuples
 csv,60.0036320686,16,10.4826987686,103.222512338,1000,346842.907218,1002,346842.907218, rr, 16, 600000, 0 
 csv,243.314958811,128,2465.93963204,60.9969334896,1000,31661.7949005Done adding Tuples
 csv,60.0061650276,16,2.83304223694,102.290604912,1000,6031498.79149,1002,6031498.79149, s, 16, 600000, 0 
 csv,325.397750139,128,2458.52959849,60.7534897696,1000,31630.4782146Done adding Tuples
 csv,60.0075149536,16,7.39907327179,106.900352914,1000,509139.728025,1002,509139.728025, ru-exi, 16, 800000, 0 
 csv,321.335047007,128,2489.61327889,61.3826914884,1000,31559.0560877Done adding Tuples
 csv,60.0094740391,16,8.03206506503,107.984367113,1000,623140.564036,1002,623140.564036, ru, 16, 800000, 0 
 csv,328.872943878,128,2432.55036601,60.9478276346,1000,32070.5463955Done adding Tuples
 csv,60.0024280548,16,6.01642319658,107.484739896,1000,519656.31999,1002,519656.31999, rc, 16, 800000, 0 
 csv,324.069473982,128,2468.60646938,61.3923127754,1000,31832.5992122Done adding Tuples
 csv,60.0027551651,16,8.86625953319,105.050271706,1000,471403.15974,1002,471403.15974, rr, 16, 800000, 0 
 csv,328.849299908,128,2432.7252642,60.2543602256,1000,31703.3666825Done adding Tuples
 csv,60.0001299381,16,2.13332871332,106.744194302,1000,8247849.74754,1002,8247849.74754, s, 16, 800000, 0 
 csv,407.043379068,128,2456.7406115,60.7512981201,1000,31652.3694971Done adding Tuples
 csv,60.0076160431,16,5.51596650269,107.510098432,1000,601831.988813,1002,601831.988813, ru-exi, 16, 1000000, 0 
 csv,409.126608133,128,2444.23115026,60.8866845981,1000,31885.2643201Done adding Tuples
 csv,60.0095119476,16,5.14918368724,108.211236614,1000,749180.136657,1002,749180.136657, ru, 16, 1000000, 0 
 csv,407.36263895,128,2454.81520489,60.7306326461,1000,31666.4201982Done adding Tuples
 csv,60.0066590309,16,5.29941185088,109.402087702,1000,554231.505694,1002,554231.505694, rc, 16, 1000000, 0 
 csv,412.305090904,128,2425.38843701,60.307538601,1000,31827.3346369Done adding Tuples
 csv,60.0009129047,16,7.46655306247,107.123669206,1000,671765.882248,1002,671765.882248, rr, 16, 1000000, 0 
 csv,411.65703702,128,2429.20662122,60.2038593934,1000,31722.6782401Done adding Tuples
 csv,60.009237051,16,1.78305882991,110.46520716,1000,10714146.1074,1002,10714146.1074, s, 16, 1000000, 0 
 csv,39.667648077,128,2520.94603153,64.4513934426,1000,32724.9304724Done adding Tuples
 csv,60.0052850246,1,20.831498417,99.9200331077,1000,37548.0835074,1002,37548.0835074, ru-exi, 1, 100000, 0 
 csv,39.6120657921,128,2524.48333608,63.9640207528,1000,32431.9615793Done adding Tuples
 csv,60.0085990429,2,30.9289006843,100.044448363,1000,46028.915022,1002,46028.915022, ru-exi, 2, 100000, 0 
 csv,38.5772619247,128,2592.20056092,64.0644857554,1000,31634.3353224Done adding Tuples
 csv,60.0005459785,3,40.7162961629,99.9855805755,1000,48175.6077886,1002,48175.6077886, ru-exi, 3, 100000, 0 
 csv,39.3129010201,128,2543.69424299,60.8165742168,1000,30603.2123208Done adding Tuples
 csv,60.0111970901,4,44.4250428132,100.027598158,1000,50646.171155,1002,50646.171155, ru-exi, 4, 100000, 0 
 csv,39.9915020466,128,2500.53123495,61.4539458455,1000,31457.7356935Done adding Tuples
 csv,60.0096960068,5,47.342349471,100.027576838,1000,54347.9121236,1002,54347.9121236, ru-exi, 5, 100000, 0 
 csv,39.2260599136,128,2549.3256325,63.9765720787,1000,32122.2252727Done adding Tuples
 csv,60.0071020126,6,45.561273721,100.668804623,1000,56612.6257731,1002,56612.6257731, ru-exi, 6, 100000, 0 
 csv,38.8348701,128,2575.00539444,63.1745187042,1000,31403.1901121Done adding Tuples
 csv,60.0095911026,8,48.4922484312,100.493374874,1000,60646.3358065,1002,60646.3358065, ru-exi, 8, 100000, 0 
 csv,39.7445750237,128,2516.06665666,60.1259830026,1000,30587.9250216Done adding Tuples
 csv,60.0018701553,10,44.3319515394,100.633578818,1000,63825.5098862,1002,63825.5098862, ru-exi, 10, 100000, 0 
 csv,39.3679070473,128,2540.14011667,63.0600439011,1000,31776.5369177Done adding Tuples
 csv,60.000868082,12,42.3327208621,100.317182952,1000,61533.2579414,1002,61533.2579414, ru-exi, 12, 100000, 0 
 csv,39.4760169983,128,2533.18362905,61.1204160725,1000,30883.7194729Done adding Tuples
 csv,60.0080869198,14,45.1272509924,100.966009945,1000,58464.1956251,1002,58464.1956251, ru-exi, 14, 100000, 0 
 csv,39.8427200317,128,2509.86880214,61.7900172546,1000,31512.0941854Done adding Tuples
 csv,60.0055170059,16,47.7956051894,100.481269537,1000,61906.8191087,1002,61906.8191087, ru-exi, 16, 100000, 0 
 csv,39.6069040298,128,2524.8123389,62.4134296335,1000,31641.6347861Done adding Tuples
 csv,60.0074110031,18,42.7280557041,101.092252659,1000,58300.4099481,1002,58300.4099481, ru-exi, 18, 100000, 0 
 csv,39.2231888771,128,2549.51223658,61.8567291048,1000,31055.5925632Done adding Tuples
 csv,60.0091099739,20,41.3270585263,101.086901563,1000,63315.5028343,1002,63315.5028343, ru-exi, 20, 100000, 0 
 csv,39.3218569756,128,2543.11489059,60.9438920954,1000,30674.2657089Done adding Tuples
 csv,60.0040788651,25,34.2810028736,101.824051405,1000,54802.9156375,1002,54802.9156375, ru-exi, 25, 100000, 0 
 csv,38.9015510082,128,2570.59159361,62.7965421276,1000,31268.90095Done adding Tuples
 csv,60.012198925,30,31.226984406,103.503664725,1000,69480.8063744,1002,69480.8063744, ru-exi, 30, 100000, 0 
 csv,38.8755550385,128,2572.31054067,62.6686401473,1000,31184.3605661Done adding Tuples
 csv,60.0236251354,35,26.5228898856,103.729466509,1000,69828.7057951,1002,69828.7057951, ru-exi, 35, 100000, 0 
 csv,39.3981368542,128,2538.19109188,61.0357536041,1000,30780.0956607Done adding Tuples
 csv,60.0106749535,40,24.1956952013,103.079836193,1000,77651.3293128,1002,77651.3293128, ru-exi, 40, 100000, 0 
 csv,40.0246071815,128,2498.46299669,60.5160146529,1000,31003.2603478Done adding Tuples
 csv,60.0312609673,45,24.5538737026,102.784130685,1000,87247.0390058,1002,87247.0390058, ru-exi, 45, 100000, 0 
 csv,39.4903988838,128,2532.26107678,63.2276261293,1000,31960.1174569Done adding Tuples
 csv,60.0707871914,50,24.005012543,106.448635772,1000,89660.0365226,1002,89660.0365226, ru-exi, 50, 100000, 0 
 csv,39.6453039646,128,2522.36683793,62.4704054759,1000,31701.2251377Done adding Tuples
 csv,60.0015289783,1,24.0660533921,99.9879104993,1000,32952.2720678,1002,32952.2720678, ru, 1, 100000, 0 
 csv,39.1179828644,128,2556.36903229,61.2841925441,1000,30685.6191206Done adding Tuples
 csv,60.0069949627,2,32.0962581312,100.045037582,1000,44025.4943007,1002,44025.4943007, ru, 2, 100000, 0 
 csv,39.3928539753,128,2538.53148245,62.6241470337,1000,31576.8816566Done adding Tuples
 csv,60.0015339851,3,40.4322996242,100.066420526,1000,46683.2254693,1002,46683.2254693, ru, 3, 100000, 0 
 csv,39.8491020203,128,2509.4668369,61.8560712444,1000,31550.833838Done adding Tuples
 csv,60.0057780743,4,44.4790499458,99.9962104036,1000,49215.8625903,1002,49215.8625903, ru, 4, 100000, 0 
 csv,39.5786368847,128,2526.61556514,62.764642579,1000,31796.9791722Done adding Tuples
 csv,60.008988142,5,47.3429079203,100.025795887,1000,54385.1404663,1002,54385.1404663, ru, 5, 100000, 0 
 csv,39.4734220505,128,2533.35015829,61.5965006299,1000,31122.2357273Done adding Tuples
 csv,60.0027070045,6,47.1478728416,100.208211949,1000,51252.9714713,1002,51252.9714713, ru, 6, 100000, 0 
 csv,39.1920719147,128,2551.53644895,62.0926802085,1000,31149.3220878Done adding Tuples
 csv,60.000262022,8,49.2664515184,100.484916487,1000,55085.5678582,1002,55085.5678582, ru, 8, 100000, 0 
 csv,39.5702700615,128,2527.14979818,60.7746382781,1000,30782.3212743Done adding Tuples
 csv,60.0060510635,10,42.5623742062,100.797922725,1000,52697.1524739,1002,52697.1524739, ru, 10, 100000, 0 
 csv,39.1342589855,128,2555.30582646,63.2555108171,1000,31685.856545Done adding Tuples
 csv,60.0085418224,12,42.6772576407,100.653417766,1000,52119.820797,1002,52119.820797, ru, 12, 100000, 0 
 csv,39.5093967915,128,2531.04345095,61.6757063996,1000,31190.6554437Done adding Tuples
 csv,60.003839016,14,42.6639368744,101.255076548,1000,53408.6871887,1002,53408.6871887, ru, 14, 100000, 0 
 csv,39.5385961533,128,2529.17426841,61.7000820338,1000,31226.0432148Done adding Tuples
 csv,60.0063328743,16,48.9948286985,100.722993794,1000,60763.4358858,1002,60763.4358858, ru, 16, 100000, 0 
 csv,39.3557569981,128,2540.92431775,59.8950383976,1000,30172.34658Done adding Tuples
 csv,60.0070631504,18,47.5943972269,100.886731954,1000,61373.9155185,1002,61373.9155185, ru, 18, 100000, 0 
 csv,39.3718378544,128,2539.88651406,62.8147821055,1000,31656.1077237Done adding Tuples
 csv,60.0066277981,20,38.5624069359,101.35570853,1000,53712.5354118,1002,53712.5354118, ru, 20, 100000, 0 
 csv,40.1632311344,128,2489.83951678,61.301889887,1000,31514.6492481Done adding Tuples
 csv,60.0018470287,25,29.6490872881,101.774371441,1000,54236.0392113,1002,54236.0392113, ru, 25, 100000, 0 
 csv,39.1731011868,128,2552.77210562,61.7031448703,1000,30938.9252806Done adding Tuples
 csv,60.0025670528,30,28.9320954964,102.360189244,1000,55975.8728948,1002,55975.8728948, ru, 30, 100000, 0 
 csv,39.6354379654,128,2522.99470205,61.2523832412,1000,31075.3924632Done adding Tuples
 csv,60.0067799091,35,26.4136819606,103.187334159,1000,58913.4746002,1002,58913.4746002, ru, 35, 100000, 0 
 csv,39.2669138908,128,2546.67326997,62.2824613777,1000,31304.1926122Done adding Tuples
 csv,60.0085778236,40,25.2797192504,103.142040494,1000,67688.3203084,1002,67688.3203084, ru, 40, 100000, 0 
 csv,39.770813942,128,2514.40667385,62.3742784186,1000,31752.6505184Done adding Tuples
 csv,60.0001609325,45,22.9999383094,103.739580279,1000,73620.2541059,1002,73620.2541059, ru, 45, 100000, 0 
 csv,39.5691480637,128,2527.22145645,61.6951864055,1000,31247.6923609Done adding Tuples
 csv,60.0075919628,50,21.4639507747,103.617137867,1000,82385.9444058,1002,82385.9444058, ru, 50, 100000, 0 
 csv,39.4471077919,128,2535.04009793,61.9226208487,1000,31266.154232Done adding Tuples
 csv,60.0049979687,1,19.3650535678,99.9920386747,1000,41152.4074896,1002,41152.4074896, rc, 1, 100000, 0 
 csv,38.7864689827,128,2578.21870933,63.3223453735,1000,31437.4423647Done adding Tuples
 csv,60.0057032108,2,30.4971011434,100.016265356,1000,46729.9418371,1002,46729.9418371, rc, 2, 100000, 0 
 csv,39.0019471645,128,2563.97455179,63.3233145179,1000,31612.576859Done adding Tuples
 csv,60.0028989315,3,38.6814644181,99.9890380434,1000,48210.1079229,1002,48210.1079229, rc, 3, 100000, 0 
 csv,39.8405530453,128,2510.00531761,60.8386246969,1000,31025.2090168Done adding Tuples
 csv,60.0081999302,4,45.4604537909,100.008693242,1000,49100.3045434,1002,49100.3045434, rc, 4, 100000, 0 
 csv,39.3618791103,128,2540.52911752,61.751381564,1000,31112.325325Done adding Tuples
 csv,60.0057580471,5,50.8784506581,100.238907775,1000,51302.8583733,1002,51302.8583733, rc, 5, 100000, 0 
 csv,39.6695320606,128,2520.82630688,61.5613839699,1000,31259.0245771Done adding Tuples
 csv,60.0037631989,6,48.7636082141,100.090286301,1000,51999.1731906,1002,51999.1731906, rc, 6, 100000, 0 
 csv,39.7758538723,128,2514.08807768,62.2673722239,1000,31702.2451019Done adding Tuples
 csv,60.0101239681,8,49.3583382959,100.05855809,1000,54885.8160194,1002,54885.8160194, rc, 8, 100000, 0 
 csv,39.5178699493,128,2530.50076151,61.6926422118,1000,31205.9111905Done adding Tuples
 csv,60.0044279099,10,43.0301577723,100.174193362,1000,51578.173967,1002,51578.173967, rc, 10, 100000, 0 
 csv,39.2104868889,128,2550.33813488,63.1129887928,1000,31676.0450506Done adding Tuples
 csv,60.003139019,12,39.9645758406,100.688438393,1000,56056.4199665,1002,56056.4199665, rc, 12, 100000, 0 
 csv,40.0936348438,128,2494.16148946,60.6573493789,1000,31129.2622924Done adding Tuples
 csv,60.0086970329,14,45.8933477341,100.958798996,1000,59467.8264194,1002,59467.8264194, rc, 14, 100000, 0 
 csv,39.2521939278,128,2547.62829777,62.123523118,1000,31212.6025844Done adding Tuples
 csv,60.0076129436,16,47.8106003432,100.787790795,1000,67271.3067636,1002,67271.3067636, rc, 16, 100000, 0 
 csv,39.603028059,128,2525.05944371,62.3908174561,1000,31627.0757675Done adding Tuples
 csv,60.0057768822,18,42.3459228766,100.782989089,1000,62237.8436513,1002,62237.8436513, rc, 18, 100000, 0 
 csv,39.3896820545,128,2538.735902,62.2080275811,1000,31364.536674Done adding Tuples
 csv,60.0073029995,20,41.1283273308,100.843291875,1000,65443.8253372,1002,65443.8253372, rc, 20, 100000, 0 
 csv,39.2098381519,128,2550.38033089,61.3782111291,1000,30804.8604727Done adding Tuples
 csv,60.0071191788,25,30.5297108922,101.468562479,1000,56394.074079,1002,56394.074079, rc, 25, 100000, 0 
 csv,39.3633852005,128,2540.43191384,61.0432769849,1000,30756.736331Done adding Tuples
 csv,60.0032970905,30,28.6817572275,102.995220379,1000,65507.6733867,1002,65507.6733867, rc, 30, 100000, 0 
 csv,40.0334260464,128,2497.91261643,61.597860261,1000,31564.4593072Done adding Tuples
 csv,60.0068809986,35,25.4304168889,102.794817897,1000,65823.2807618,1002,65823.2807618, rc, 35, 100000, 0 
 csv,39.5701010227,128,2527.16059387,62.1191189087,1000,31463.1655765Done adding Tuples
 csv,60.0063760281,40,27.0971204667,102.689732655,1000,68276.7062861,1002,68276.7062861, rc, 40, 100000, 0 
 csv,39.2028079033,128,2550.83769119,60.7189572867,1000,30468.5263181Done adding Tuples
 csv,60.0062580109,45,25.1973719095,103.74304606,1000,78805.6671522,1002,78805.6671522, rc, 45, 100000, 0 
 csv,39.3913650513,128,2538.62743446,63.2554515469,1000,31893.9978671Done adding Tuples
 csv,60.0013780594,50,20.3995314706,104.13073067,1000,81611.5070939,1002,81611.5070939, rc, 50, 100000, 0 
 csv,39.5136380196,128,2530.77177937,62.432329973,1000,31576.6846371Done adding Tuples
 csv,60.0018072128,1,21.9493388812,99.9685726095,1000,39552.5673612,1002,39552.5673612, rr, 1, 100000, 0 
 csv,39.2571251392,128,2547.30828214,62.5388254919,1000,31425.2095795Done adding Tuples
 csv,60.0053811073,2,33.5969868501,100.046170187,1000,48720.321063,1002,48720.321063, rr, 2, 100000, 0 
 csv,38.9621479511,128,2566.59361094,62.3845149621,1000,31112.1241832Done adding Tuples
 csv,60.0054528713,3,43.2627348979,99.9994784405,1000,50074.0428891,1002,50074.0428891, rr, 3, 100000, 0 
 csv,39.1633918285,128,2553.40498693,62.705375878,1000,31433.6666274Done adding Tuples
 csv,60.009262085,4,49.5923445249,100.102595744,1000,52895.1924491,1002,52895.1924491, rr, 4, 100000, 0 
 csv,39.1819419861,128,2552.19611206,62.4887538841,1000,31339.9133372Done adding Tuples
 csv,60.0064849854,5,48.2114558236,100.24190871,1000,53676.9545547,1002,53676.9545547, rr, 5, 100000, 0 
 csv,39.6329698563,128,2523.15181937,62.0090889114,1000,31457.335701Done adding Tuples
 csv,60.0035030842,6,52.930243015,100.305887549,1000,53650.7901078,1002,53650.7901078, rr, 6, 100000, 0 
 csv,39.3300600052,128,2542.58447576,63.3376512353,1000,31885.742383Done adding Tuples
 csv,60.0083150864,8,48.5432726416,100.498836994,1000,53571.8456358,1002,53571.8456358, rr, 8, 100000, 0 
 csv,39.074434042,128,2559.2181295,63.5851325708,1000,31802.2792792Done adding Tuples
 csv,60.0006840229,10,47.0327971415,100.565759368,1000,53360.7009278,1002,53360.7009278, rr, 10, 100000, 0 
 csv,39.2378299236,128,2548.56092181,61.4167084565,1000,30846.1870193Done adding Tuples
 csv,60.0022749901,12,47.0315500615,100.694913543,1000,54781.8370311,1002,54781.8370311, rr, 12, 100000, 0 
 csv,39.8027839661,128,2512.38707537,62.3842832803,1000,31783.2723236Done adding Tuples
 csv,60.0041339397,14,47.296741302,100.669799393,1000,57851.5923118,1002,57851.5923118, rr, 14, 100000, 0 
 csv,39.3705649376,128,2539.96863287,62.5545596797,1000,31523.9469314Done adding Tuples
 csv,60.0042960644,16,51.0630105003,100.849115152,1000,57025.8560883,1002,57025.8560883, rr, 16, 100000, 0 
 csv,39.5519549847,128,2528.32002966,61.0125041508,1000,30888.4968662Done adding Tuples
 csv,60.0001029968,18,48.4332501921,101.090567293,1000,58145.7723737,1002,58145.7723737, rr, 18, 100000, 0 
 csv,39.5915071964,128,2525.79421904,60.2203725785,1000,30517.9560232Done adding Tuples
 csv,60.0049459934,20,49.4792545989,101.381130312,1000,59041.5601466,1002,59041.5601466, rr, 20, 100000, 0 
 csv,39.3171329498,128,2543.42045051,64.5024885063,1000,32461.4773273Done adding Tuples
 csv,60.0077929497,25,47.1605413379,101.423655154,1000,67201.1071831,1002,67201.1071831, rr, 25, 100000, 0 
 csv,39.6966660023,128,2519.10324142,61.6425818168,1000,31321.6637683Done adding Tuples
 csv,60.0057768822,30,51.6283624839,101.747697035,1000,64665.0445153,1002,64665.0445153, rr, 30, 100000, 0 
 csv,39.3246719837,128,2542.93284484,60.4903799283,1000,30448.1836653Done adding Tuples
 csv,60.0063641071,35,51.2112347703,102.366796347,1000,63328.1742583,1002,63328.1742583, rr, 35, 100000, 0 
 csv,39.3384897709,128,2542.03963046,61.640665931,1000,31038.0890393Done adding Tuples
 csv,60.0003769398,40,49.6163549604,103.096666978,1000,67209.6481985,1002,67209.6481985, rr, 40, 100000, 0 
 csv,39.9054980278,128,2505.92036041,62.370082554,1000,31858.0378413Done adding Tuples
 csv,60.0099549294,45,49.4084690364,103.49942996,1000,68451.5837142,1002,68451.5837142, rr, 45, 100000, 0 
 csv,38.8433389664,128,2574.44397575,63.1848362467,1000,31415.1681519Done adding Tuples
 csv,60.0026450157,50,51.3644023391,103.892562818,1000,69602.7906826,1002,69602.7906826, rr, 50, 100000, 0 
 csv,39.2857570648,128,2545.45177365,61.9088821657,1000,31131.3575029Done adding Tuples
 csv,60.003385067,1,18.6656135941,99.9611578444,1000,49710.3921625,1002,49710.3921625, s, 1, 100000, 0 
 csv,39.7106440067,128,2518.2165261,61.491566166,1000,31255.932076Done adding Tuples
 csv,60.0001928806,2,14.7832858098,100.086297711,1000,136822.312695,1002,136822.312695, s, 2, 100000, 0 
 csv,39.3039319515,128,2544.27470827,61.3601891501,1000,30869.7177458Done adding Tuples
 csv,60.0079989433,3,13.2982271372,100.366590292,1000,232384.830385,1002,232384.830385, s, 3, 100000, 0 
 csv,40.0953609943,128,2494.054113,60.9872098141,1000,31299.8936772Done adding Tuples
 csv,60.0012278557,4,13.1997298773,100.097070734,1000,312313.993592,1002,312313.993592, s, 4, 100000, 0 
 csv,39.3737199306,128,2539.76510668,62.0973830946,1000,31296.063621Done adding Tuples
 csv,60.0052220821,5,12.6988947555,100.372544925,1000,414289.849862,1002,414289.849862, s, 5, 100000, 0 
 csv,39.3339879513,128,2542.33056978,61.9519001028,1000,31191.2357402Done adding Tuples
 csv,60.0066850185,6,12.715249972,100.024211822,1000,493985.723207,1002,493985.723207, s, 6, 100000, 0 
 csv,39.8331639767,128,2510.47092464,60.8103888402,1000,31005.058434Done adding Tuples
 csv,60.0021340847,8,12.2995625282,100.453921157,1000,689995.823616,1002,689995.823616, s, 8, 100000, 0 
 csv,39.1462709904,128,2554.52173272,62.7568709199,1000,31445.7276869Done adding Tuples
 csv,60.0101368427,10,12.5812077713,100.72212401,1000,834770.870754,1002,834770.870754, s, 10, 100000, 0 
 csv,39.5455751419,128,2528.72792066,61.8017621509,1000,31283.0237317Done adding Tuples
 csv,60.0007579327,12,14.0998218881,100.89860026,1000,889915.132103,1002,889915.132103, s, 12, 100000, 0 
 csv,39.4624450207,128,2534.054845,62.739717457,1000,31691.0419297Done adding Tuples
 csv,60.0103569031,14,13.9642562259,100.457569793,1000,1037431.4284,1002,1037431.4284, s, 14, 100000, 0 
 csv,38.9008188248,128,2570.63997677,62.3934906236,1000,31067.6207948Done adding Tuples
 csv,60.0070981979,16,13.6150559606,101.481862096,1000,1225726.44912,1002,1225726.44912, s, 16, 100000, 0 
 csv,39.5839729309,128,2526.27496928,59.2189160929,1000,30004.7356367Done adding Tuples
 csv,60.0031750202,18,14.0492565554,101.300327757,1000,1339517.03828,1002,1339517.03828, s, 18, 100000, 0 
 csv,38.8456189632,128,2574.29287186,62.4107129274,1000,31032.0995021Done adding Tuples
 csv,60.0089030266,20,14.214557457,100.391916315,1000,1459212.86131,1002,1459212.86131, s, 20, 100000, 0 
 csv,39.7041740417,128,2518.62688026,62.3876059726,1000,31706.2190795Done adding Tuples
 csv,60.0065801144,25,14.4150857848,101.4490862,1000,1824117.51039,1002,1824117.51039, s, 25, 100000, 0 
 csv,39.8665108681,128,2508.37100671,61.5360490921,1000,31401.3128948Done adding Tuples
 csv,60.0048851967,30,13.9155336647,102.318449106,1000,2255615.03441,1002,2255615.03441, s, 30, 100000, 0 
 csv,39.2458629608,128,2548.03926977,60.9741246788,1000,30630.1714087Done adding Tuples
 csv,60.0082390308,35,13.8147696614,101.567633794,1000,2656416.05819,1002,2656416.05819, s, 35, 100000, 0 
 csv,39.0903921127,128,2558.17336679,60.0819310849,1000,30062.415936Done adding Tuples
 csv,60.0072710514,40,14.8315359857,102.608475265,1000,2822208.30251,1002,2822208.30251, s, 40, 100000, 0 
 csv,39.8612110615,128,2508.7045109,60.9732775412,1000,31109.9991703Done adding Tuples
 csv,60.0022881031,45,13.8828039119,103.866908887,1000,3431534.51794,1002,3431534.51794, s, 45, 100000, 0 
 csv,39.4054260254,128,2537.72158016,62.808715752,1000,31680.0537896Done adding Tuples
 csv,60.009401083,50,14.0144708133,102.985971277,1000,3748456.02808,1002,3748456.02808, s, 50, 100000, 0 
